platform,case,requests,errors,spawned,serving_pids,request_starts,request_ends,readable_events,readable_per_second,readable_bins_pct,longest_readable_run_ms,queue_alarm_ms,accepts_observed,event_next_accept_p95_ms,event_nearest_accept_p95_ms,unmatched_events,connect_accept_p95_ms,dispatch_start_p50_ms,dispatch_start_p95_ms,latency_p95_ms,dispatch_lag_p95_ms
linux,adaptive-low,20,0,1,1,20,20,16,8.0,40.0,0.0,,20,99.78,0.318,0,0.072,0.927,1.158,43.879,1.293
linux,adaptive-low,20,0,1,1,20,20,17,8.5,42.5,0.0,,20,99.978,0.224,0,0.169,0.695,0.933,43.479,1.211
linux,adaptive-parallel-c1,140,0,3,3,140,140,27,13.5,60.0,213.694,314.691,140,0.215,0.139,0,0.073,0.328,0.722,42.646,1.083
linux,adaptive-parallel-c1,140,0,3,3,140,140,22,11.0,42.5,157.201,101.674,140,0.141,0.141,0,0.059,0.261,0.761,42.722,1.137
linux,adaptive-parallel-c4,140,0,1,1,140,140,36,18.0,72.5,942.477,101.662,140,13.678,0.135,0,0.097,0.228,0.677,42.668,1.142
linux,adaptive-parallel-c4,140,0,1,1,140,140,36,18.0,77.5,656.394,114.705,140,0.149,0.149,0,0.085,0.216,0.702,42.801,1.123
linux,adaptive-persistent,140,0,2,1,140,140,0,0.0,0.0,0.0,,1,,,0,,1832.823,3514.857,3557.187,1.228
linux,adaptive-persistent,140,0,2,1,140,140,0,0.0,0.0,0.0,,1,,,0,,1837.537,3517.806,3559.712,1.197
linux,adaptive-serial,140,0,4,4,140,140,30,15.0,67.5,542.214,141.34,140,17.892,8.992,0,90.744,0.327,90.944,132.158,1.102
linux,adaptive-serial,140,0,4,4,140,140,30,15.0,70.0,641.346,142.117,140,18.324,8.301,0,116.133,0.438,116.341,157.42,1.141
linux,caddy-node-block-w1,140,0,1,1,140,140,1,0.5,2.5,0.0,,1,7.332,7.332,0,,1825.276,3532.474,4414.241,1.112
linux,caddy-node-block-w1,140,0,1,1,140,140,1,0.5,2.5,0.0,,1,5.189,5.189,0,,1829.12,3533.677,4857.923,1.108
linux,caddy-node-block-w4,140,0,4,1,140,140,0,0.0,0.0,0.0,,1,,,0,,1826.325,3539.238,4638.994,1.092
linux,caddy-node-block-w4,140,0,4,1,140,140,0,0.0,0.0,0.0,,1,,,0,,1828.121,3537.976,4419.507,1.088
linux,caddy-node-low,20,0,1,1,20,20,1,0.5,2.5,0.0,,1,6.433,6.433,0,,1.431,2.591,77.499,1.34
linux,caddy-node-low,20,0,1,1,20,20,1,0.5,2.5,0.0,,1,3.473,3.473,0,,0.881,1.996,74.718,0.833
linux,caddy-node-w1,140,0,1,1,140,140,1,0.5,2.5,0.0,,1,7.389,7.389,0,,0.747,1.883,74.932,1.273
linux,caddy-node-w1,140,0,1,1,140,140,0,0.0,0.0,0.0,,1,,,0,,0.57,1.93,75.696,1.272
linux,caddy-node-w2,140,0,2,1,140,140,0,0.0,0.0,0.0,,1,,,0,,0.399,1.708,74.043,1.158
linux,caddy-node-w2,140,0,2,1,140,140,0,0.0,0.0,0.0,,1,,,0,,0.429,1.687,74.334,1.23
linux,caddy-node-w4,140,0,4,1,140,140,0,0.0,0.0,0.0,,1,,,0,,0.457,1.602,73.962,1.215
linux,caddy-node-w4,140,0,4,1,140,140,0,0.0,0.0,0.0,,1,,,0,,0.331,1.767,74.601,1.236
linux,caddy-php_cgi-low,20,0,1,1,0,0,16,8.0,40.0,0.0,,0,,,16,,10.664,15.222,89.069,1.184
linux,caddy-php_cgi-low,20,0,1,1,0,0,17,8.5,42.5,0.0,,0,,,17,,7.95,14.381,85.151,1.292
linux,caddy-php_cgi-w1,140,0,1,1,0,0,41,20.5,100.0,1977.59,140.525,0,,,41,,2098.083,4243.179,4260.499,1.106
linux,caddy-php_cgi-w1,140,0,1,1,0,0,40,20.0,100.0,1947.656,161.717,0,,,40,,2075.805,4205.774,4219.897,1.117
linux,caddy-php_cgi-w2,140,0,2,2,0,0,40,20.0,100.0,1944.497,156.932,0,,,40,,457.238,969.535,1000.332,1.08
linux,caddy-php_cgi-w2,140,0,2,2,0,0,41,20.5,100.0,1979.856,139.134,0,,,41,,461.687,939.451,970.056,1.065
linux,caddy-php_cgi-w4,140,0,4,4,0,0,40,20.0,100.0,1963.259,115.854,0,,,40,,2.446,3.971,76.125,1.09
linux,caddy-php_cgi-w4,140,0,4,4,0,0,39,19.5,90.0,1970.482,173.527,0,,,39,,2.294,3.436,75.42,1.091
linux,caddy-python-low,20,0,1,1,20,20,12,6.0,30.0,0.0,,20,0.156,0.156,0,,2.155,2.533,76.999,1.28
linux,caddy-python-low,20,0,1,1,20,20,11,5.5,27.5,0.0,,20,100.308,0.148,0,,2.266,2.711,76.324,1.269
linux,caddy-python-w1,140,0,1,1,140,140,40,20.0,100.0,1949.384,153.805,140,53.283,26.318,0,,1832.941,3584.103,3605.563,1.162
linux,caddy-python-w1,140,0,1,1,140,140,41,20.5,100.0,1978.915,138.242,140,61.762,29.147,0,,1827.094,3580.696,3602.02,1.207
linux,caddy-python-w2,140,0,2,2,140,140,40,20.0,100.0,1935.337,180.361,140,27.087,13.469,0,,411.587,824.618,855.677,1.074
linux,caddy-python-w2,140,0,2,2,140,140,41,20.5,100.0,1983.027,148.334,140,23.256,15.995,0,,408.13,816.941,849.914,1.087
linux,caddy-python-w4,140,0,4,4,140,140,33,16.5,82.5,343.831,171.875,140,14.309,0.088,0,,0.624,1.84,74.87,1.081
linux,caddy-python-w4,140,0,4,4,140,140,35,17.5,87.5,670.129,172.028,140,13.294,0.215,1,,0.809,1.693,73.684,1.079
linux,greedy-load-1,140,0,1,1,140,140,37,18.5,77.5,1600.508,143.831,140,13.225,0.205,0,0.103,1833.613,3514.729,3557.339,1.199
linux,greedy-load-1,140,0,1,1,140,140,37,18.5,90.0,1785.903,272.525,140,0.166,0.166,0,0.124,1836.597,3518.701,3561.192,1.196
linux,nginx-node-block-w1,140,0,1,1,140,140,40,20.0,100.0,1944.151,159.969,140,49.646,31.886,0,,1852.053,3583.14,3604.67,1.077
linux,nginx-node-block-w1,140,0,1,1,140,140,40,20.0,100.0,1945.917,161.743,140,50.308,30.854,0,,1874.806,3602.035,3624.248,1.086
linux,nginx-node-block-w4,140,0,4,4,140,140,28,14.0,70.0,443.054,172.804,140,14.548,0.643,0,,0.328,1.121,73.437,1.07
linux,nginx-node-block-w4,140,0,4,4,140,140,25,12.5,55.0,428.575,143.774,140,14.878,0.789,0,,0.237,0.996,73.357,1.098
linux,nginx-node-low,20,0,1,1,20,20,11,5.5,27.5,0.0,,20,101.602,11.833,0,,1.996,2.472,76.446,1.158
linux,nginx-node-low,20,0,1,1,20,20,10,5.0,25.0,0.0,,20,102.513,0.712,0,,1.888,2.454,77.376,1.12
linux,nginx-node-w1,140,0,1,1,140,140,26,13.0,65.0,215.326,643.14,140,14.476,2.583,0,,0.35,1.923,75.144,1.253
linux,nginx-node-w1,140,0,1,1,140,140,26,13.0,65.0,185.186,301.13,140,14.581,0.856,0,,0.381,1.895,74.449,1.198
linux,nginx-node-w2,140,0,2,2,140,140,15,7.5,37.5,99.04,,140,14.976,0.736,0,,0.267,1.653,73.782,1.177
linux,nginx-node-w2,140,0,2,2,140,140,13,6.5,27.5,87.267,,140,14.728,0.502,0,,0.349,1.962,74.122,1.145
linux,nginx-node-w4,140,0,4,4,140,140,4,2.0,10.0,56.618,,140,13.51,0.799,0,,0.787,2.097,75.34,1.171
linux,nginx-node-w4,140,0,4,4,140,140,1,0.5,2.5,0.0,,140,13.536,0.464,0,,0.85,2.207,75.254,1.212
linux,nginx-php_cgi-low,20,0,1,1,0,0,19,9.5,47.5,0.0,,0,,,19,,6.46,7.793,82.827,1.238
linux,nginx-php_cgi-low,20,0,1,1,0,0,20,10.0,50.0,0.0,,0,,,20,,7.878,8.544,84.878,1.205
linux,nginx-php_cgi-w1,140,0,1,1,0,0,41,20.5,100.0,1985.613,137.373,0,,,41,,2135.419,4185.891,4203.517,1.088
linux,nginx-php_cgi-w1,140,0,1,1,0,0,41,20.5,100.0,1985.991,138.428,0,,,41,,2191.06,4335.964,4348.577,1.241
linux,nginx-php_cgi-w2,140,0,2,2,0,0,41,20.5,100.0,1979.949,131.99,0,,,41,,494.949,1028.308,1055.288,1.091
linux,nginx-php_cgi-w2,140,0,2,2,0,0,41,20.5,100.0,1978.671,129.822,0,,,41,,496.834,1037.856,1069.257,1.137
linux,nginx-php_cgi-w4,140,0,4,4,0,0,38,19.0,95.0,857.747,157.525,0,,,38,,1.085,3.263,74.557,1.097
linux,nginx-php_cgi-w4,140,0,4,4,0,0,40,20.0,92.5,1957.851,143.716,0,,,40,,1.141,2.743,74.836,1.089
linux,nginx-python-low,20,0,1,1,20,20,2,1.0,5.0,0.0,,20,0.116,0.116,0,,1.702,1.854,74.457,1.343
linux,nginx-python-low,20,0,1,1,20,20,8,4.0,20.0,0.0,,20,0.134,0.134,0,,1.531,1.769,75.22,1.315
linux,nginx-python-w1,140,0,1,1,140,140,40,20.0,97.5,1948.699,150.848,140,54.276,25.182,0,,1833.639,3588.447,3609.484,1.197
linux,nginx-python-w1,140,0,1,1,140,140,41,20.5,75.0,1983.485,150.198,140,58.051,26.353,0,,1847.564,3611.691,3632.788,1.232
linux,nginx-python-w2,140,0,2,2,140,140,40,20.0,100.0,1939.054,155.469,140,24.554,15.429,0,,411.09,826.018,856.56,1.157
linux,nginx-python-w2,140,0,2,2,140,140,41,20.5,100.0,1977.915,129.275,140,26.199,13.545,0,,411.627,824.893,853.548,1.176
linux,nginx-python-w4,140,0,4,4,140,140,20,10.0,50.0,130.16,172.755,140,0.118,0.118,0,,1.092,1.595,74.727,1.245
linux,nginx-python-w4,140,0,4,4,140,140,23,11.5,52.5,170.838,129.846,140,0.121,0.098,0,,0.729,1.616,73.898,1.266
linux,node-r10-w1,20,0,1,1,20,20,13,6.5,32.5,0.0,,20,99.991,0.549,0,0.519,0.707,1.55,75.963,1.398
linux,node-r10-w1,20,0,1,1,20,20,12,6.0,30.0,0.0,,20,100.836,4.864,1,0.361,0.653,1.771,75.77,1.18
linux,node-r10-w2,20,0,2,2,20,20,5,2.5,12.5,0.0,,20,98.587,4.46,0,2.465,1.016,6.141,75.112,1.341
linux,node-r10-w2,20,0,2,2,20,20,4,2.0,10.0,0.0,,20,100.744,0.319,0,2.173,0.713,5.845,75.235,1.277
linux,node-r10-w4,20,0,4,2,20,20,0,0.0,0.0,0.0,,20,,,0,2.402,0.791,5.335,77.479,1.336
linux,node-r10-w4,20,0,4,3,20,20,0,0.0,0.0,0.0,,20,,,0,1.824,0.759,5.576,74.423,1.396
linux,node-r70-w1,140,0,1,1,140,140,34,17.0,77.5,1100.138,144.183,140,14.961,5.053,1,0.141,0.292,1.335,73.379,1.261
linux,node-r70-w1,140,0,1,1,140,140,24,12.0,55.0,414.812,372.268,140,15.176,0.824,0,0.216,0.131,0.99,73.461,1.231
linux,node-r70-w2,140,0,2,2,140,140,16,8.0,40.0,243.07,286.186,140,14.692,0.682,0,0.147,0.182,1.25,74.868,1.18
linux,node-r70-w2,140,0,2,2,140,140,22,11.0,52.5,185.744,344.563,140,14.753,0.841,0,0.13,0.169,1.125,73.346,1.211
linux,node-r70-w4,140,0,4,3,140,140,1,0.5,2.5,0.0,,140,14.585,0.415,0,0.19,0.383,1.138,73.668,1.298
linux,node-r70-w4,140,0,4,4,140,140,2,1.0,5.0,0.0,,140,14.445,0.642,0,0.101,0.429,1.264,74.821,1.277
linux,parallel-load-1,140,0,1,1,140,140,36,18.0,75.0,1442.021,129.445,140,13.202,0.158,0,0.094,0.2,0.726,42.631,1.182
linux,parallel-load-1,140,0,1,1,140,140,37,18.5,67.5,842.405,100.848,140,0.167,0.167,0,0.082,0.235,0.657,42.873,1.137
linux,persistent-load-1,140,0,1,1,140,140,0,0.0,0.0,0.0,,1,,,0,,1839.919,3517.093,3558.942,1.264
linux,persistent-load-1,140,0,1,1,140,140,0,0.0,0.0,0.0,,1,,,0,,1839.781,3528.327,3569.927,1.225
linux,php_cgi-r10-w1,20,0,1,1,0,0,18,9.0,45.0,0.0,,0,,,18,,5.916,9.385,82.248,1.031
linux,php_cgi-r10-w1,20,0,1,1,0,0,20,10.0,50.0,0.0,,0,,,20,,8.594,10.252,85.592,1.258
linux,php_cgi-r10-w2,20,0,2,2,0,0,18,9.0,45.0,0.0,,0,,,18,,7.766,10.969,82.972,1.28
linux,php_cgi-r10-w2,20,0,2,2,0,0,18,9.0,45.0,0.0,,0,,,18,,7.788,11.746,81.498,1.199
linux,php_cgi-r10-w4,20,0,4,4,0,0,19,9.5,47.5,0.0,,0,,,19,,7.965,11.908,82.748,1.383
linux,php_cgi-r10-w4,20,0,4,4,0,0,19,9.5,47.5,0.0,,0,,,19,,7.297,10.357,82.775,1.331
linux,php_cgi-r70-w1,140,0,1,1,0,0,41,20.5,100.0,1986.989,138.653,0,,,41,,2116.651,4310.438,4327.069,1.162
linux,php_cgi-r70-w1,140,0,1,1,0,0,41,20.5,100.0,1989.116,139.803,0,,,41,,2161.015,4326.077,4341.722,1.15
linux,php_cgi-r70-w2,140,0,2,2,0,0,41,20.5,100.0,1986.51,136.874,0,,,41,,506.162,1049.608,1079.253,1.086
linux,php_cgi-r70-w2,140,0,2,2,0,0,41,20.5,100.0,1985.496,135.798,0,,,41,,499.403,1069.489,1083.932,1.103
linux,php_cgi-r70-w4,140,0,4,4,0,0,39,19.5,57.5,1542.599,143.876,0,,,39,,1.502,3.13,74.801,1.116
linux,php_cgi-r70-w4,140,0,4,4,0,0,37,18.5,75.0,1041.79,143.725,0,,,37,,1.493,2.91,75.237,1.059
linux,python-r10-w1,20,0,1,1,20,20,13,6.5,32.5,0.0,,20,0.202,0.202,0,0.074,0.953,1.211,73.23,1.291
linux,python-r10-w1,20,0,1,1,20,20,7,3.5,17.5,0.0,,20,0.215,0.215,0,0.15,0.947,1.11,73.853,1.276
linux,python-r10-w2,20,0,2,2,20,20,6,3.0,15.0,0.0,,20,0.135,0.135,0,0.045,1.011,1.143,74.515,1.193
linux,python-r10-w2,20,0,2,2,20,20,6,3.0,15.0,0.0,,20,0.142,0.142,0,0.075,0.936,1.247,73.557,1.333
linux,python-r10-w4,20,0,4,4,20,20,5,2.5,12.5,0.0,,20,0.212,0.212,0,0.044,1.005,1.165,74.153,1.128
linux,python-r10-w4,20,0,4,4,20,20,2,1.0,5.0,0.0,,20,0.122,0.122,0,0.051,1.15,1.334,74.117,1.348
linux,python-r70-w1,140,0,1,1,140,140,41,20.5,100.0,1983.178,134.95,140,53.436,31.842,0,3588.362,1844.738,3589.05,3609.615,1.26
linux,python-r70-w1,140,0,1,1,140,140,41,20.5,100.0,1983.255,135.603,140,50.606,31.772,0,3597.241,1842.006,3597.566,3618.92,1.303
linux,python-r70-w2,140,0,2,2,140,140,40,20.0,100.0,1927.333,156.356,140,19.921,16.828,0,823.647,408.818,824.014,846.292,1.171
linux,python-r70-w2,140,0,2,2,140,140,40,20.0,100.0,1937.06,180.765,140,28.494,12.138,0,836.757,420.012,836.853,861.305,1.195
linux,python-r70-w4,140,0,4,4,140,140,26,13.0,57.5,286.203,215.621,140,0.206,0.161,0,0.085,0.465,0.951,73.84,1.138
linux,python-r70-w4,140,0,4,4,140,140,26,13.0,65.0,228.77,329.894,140,0.189,0.189,0,0.079,0.503,1.005,73.44,1.196
linux,serial-burst-1,80,0,1,1,80,80,66,19.807,97.015,3241.778,142.24,80,38.713,17.956,0,3117.094,1624.395,3118.928,3164.845,5.022
linux,serial-burst-1,80,0,1,1,80,80,66,19.853,97.015,3240.444,142.388,80,37.571,20.223,0,3105.728,1628.062,3115.093,3158.194,2.002
linux,serial-burst-4,80,0,4,4,80,80,17,20.421,94.118,782.3,133.399,80,39.921,19.162,0,740.664,371.083,743.666,790.628,5.74
linux,serial-burst-4,80,0,4,4,80,80,17,20.401,94.118,788.361,141.287,80,36.618,19.369,0,745.202,374.189,748.775,792.506,6.337
linux,serial-fast-1,400,0,1,1,400,400,39,19.5,87.5,1274.145,145.732,400,0.135,0.095,0,0.067,0.147,0.281,2.584,1.057
linux,serial-fast-1,400,0,1,1,400,400,38,19.0,77.5,1539.157,175.607,400,0.13,0.101,0,0.068,0.138,0.221,2.507,1.071
linux,serial-load-1,140,0,1,1,140,140,41,20.5,100.0,1989.458,141.304,140,38.999,19.342,0,3562.279,1863.019,3562.737,3604.363,1.288
linux,serial-load-1,140,0,1,1,140,140,41,20.5,100.0,1990.023,141.703,140,38.674,18.602,0,3556.792,1855.43,3557.227,3598.615,1.182
linux,serial-load-2,140,0,2,2,140,140,41,20.5,100.0,1982.611,134.385,140,22.138,12.187,0,840.139,433.643,840.298,881.647,1.218
linux,serial-load-2,140,0,2,2,140,140,40,20.0,100.0,1945.102,160.17,140,28.149,13.843,0,825.243,430.773,825.745,866.692,1.184
linux,serial-load-4,140,0,4,4,140,140,24,12.0,57.5,142.677,486.511,140,0.132,0.132,0,0.065,0.393,0.978,43.182,1.175
linux,serial-load-4,140,0,4,4,140,140,25,12.5,60.0,171.942,343.865,140,0.208,0.169,0,0.06,0.286,0.842,42.613,1.13
linux,serial-low-1,20,0,1,1,20,20,18,9.0,45.0,0.0,,20,99.788,0.217,0,0.082,0.835,1.21,43.401,1.256
linux,serial-low-1,20,0,1,1,20,20,17,8.5,42.5,0.0,,20,100.09,0.195,0,0.069,0.818,1.151,43.527,1.26
